,product_id,title,link,discount_price,regular_price,brand
0,168899,"Сухой корм для стерилизованных кошек, с индейкой, 400 гр.",https://4lapy.ru/catalog/koshki/korm-koshki/korm-suhoy-dlya-sterilizovannyh-koshek-s-indeykoy-pak-400g.html?offer=168901,1199,1199,Wellkiss
1,168902,"Сухой корм для стерилизованных кошек, с ягненком, 400 гр.",https://4lapy.ru/catalog/koshki/korm-koshki/sukhoy/korm-suhoy-dlya-sterilizovannyh-koshek-s-yagnenkom-pak-400g.html?offer=168904,1199,1199,Wellkiss
2,151160,"Adult Sterilized Classic Сухой корм для стерилизованных кошек, с курицей, 400 гр.",https://4lapy.ru/catalog/koshki/korm-koshki/sukhoy/classic-korm-dlya-sterilizovannyh-koshek-s-kuricey.html?offer=138270,2629,2629,Ownat
3,119899,"N&D PRIME сухой корм для стерилизованных кошек, с курицей и гранатом, 300г",https://4lapy.ru/catalog/koshki/korm-koshki/kholistik/farmina-n-d-prime-cat-neutered-chicken-pomegranate-adult-300g.html?offer=119901,3683,3683,Farmina
4,151172,"Adult Sterilized Корм сухой беззерновой для стерилизованных кошек, с курицей, 400 гр.",https://4lapy.ru/catalog/koshki/korm-koshki/sukhoy/just-korm-dlya-sterilizovannyh-koshek-bezzernovoy-s-kuricey.html?offer=124629,3289,3289,Ownat
5,112527,"Сухой корм для стерилизованных кошек, четыре вида мяса, 400 гр.",https://4lapy.ru/catalog/koshki/korm-koshki/sukhoy/suhoy-korm-grandorf-dlya-sterilizovannyh-koshek-chetyre-vida-myasa-s-burym-risom-400g.html?offer=112529,3155,3155,Grandorf
6,155683,"Корм сухой для кастрированных котов и стерилизованных кошек в возрасте от 1 года до 7 лет, с курицей, 400 гр.",https://4lapy.ru/catalog/koshki/korm-koshki/sukhoy/korm-suhoy-dlya-sterilizovannyh-koshek-s-kuricey1.html?offer=155686,8999,8999,Grandin
7,41954,"Sterilised 37 Regular Сухой корм для стерилизованных кошек с 1 до 7 лет, 200 г",https://4lapy.ru/catalog/koshki/korm-koshki/sukhoy/Royal_Canin_Sterilised_37_suhoy_korm_dlya_sterilizovannyh_koshek.html?offer=45708,2385,2385,Royal Canin
8,148182,"Adult Sterilized Корм сухой для стерилизованных кошек, с ягненком, 400 гр.",https://4lapy.ru/catalog/koshki/korm-koshki/sukhoy/korm-suhoy-dlya-koshek-steril-s-yagnenkom.html?offer=148185,4729,4729,Wellkiss
9,119992,"Vet Life Gastrointestinal Сухой диетический корм для кошек при заболеваниях ЖКТ, с курицей, 400 гр.",https://4lapy.ru/catalog/koshki/korm-koshki/dieticheskiy/vet-life-natural-diet-cat-gastro-intestinal-400-gr.html?offer=120008,4335,4335,Farmina
10,148713,"Корм сухой для стерилизованных кошек, с ягненком, 400 гр.",https://4lapy.ru/catalog/koshki/korm-koshki/sukhoy/korm-suhoy-dlya-sterilizovannyh-koshek-s-yagnenkom1.html?offer=148716,1579,1579,Mealfeel
11,112524,"Сухой корм для домашних кошек, четыре вида мяса, 400 гр.",https://4lapy.ru/catalog/koshki/korm-koshki/sukhoy/suhoy-korm-grandorf-dlya-domashnih-koshek-chetyre-vida-myasa-s-burym-risom-400g.html?offer=112526,3155,3155,Grandorf
12,113384,"Adult Sterilized Grain Free Сухой корм для стерилизованных кошек, с курицей и индейкой, 1 кг",https://4lapy.ru/catalog/koshki/korm-koshki/sukhoy/ownat-gf-prime-dlya-sterilizovannyh-koshek-1-kg.html?offer=113385,1749,1749,Ownat
13,140798,"Indoor Сухой корм для кошек, с ягненком, 400 гр.",https://4lapy.ru/catalog/koshki/korm-koshki/sukhoy/indoor-suhoy-korm-dlya-koshek-s-yagnenkom.html?offer=140799,1799,1799,Grandin
14,151176,"Adult Sterilized Ultra Сухой корм для стерилизованных кошек, с индейкой, 400 гр.",https://4lapy.ru/catalog/koshki/korm-koshki/sukhoy/ultra-korm-dlya-sterilizovannyh-koshek-s-indeykoy.html?offer=117421,1949,1949,Ownat
15,148703,"Корм сухой для кошек с чувствительным пищеварением, с индейкой и лососем, 400 гр.",https://4lapy.ru/catalog/koshki/korm-koshki/sukhoy/korm-suhoy-dlya-koshek-s-chuvstvitelnym-pishchevareniem-s-indeykoy-i-lososem.html?offer=148706,1579,1579,Mealfeel
16,148709,"Корм сухой для стерилизованных кошек, с лососем, 400 гр.",https://4lapy.ru/catalog/koshki/korm-koshki/sukhoy/korm-suhoy-dlya-sterilizovannyh-koshek-s-lososem.html?offer=148712,1579,1579,Mealfeel
17,119894,"N&D PRIME сухой корм для кошек, с ягненком и черникой, 300г",https://4lapy.ru/catalog/koshki/korm-koshki/kholistik/farmina-n-d-prime-cat-lamb-blueberry-adult-300g.html?offer=119896,3695,3695,Farmina
18,137184,"OCEAN CAT корм сухой для стерилизованных кошек и кастрированных котов, с сельдью и апельсином, 300гр",https://4lapy.ru/catalog/koshki/korm-koshki/kholistik/farmina-n-d-oushen-ket-seld-i-apelsin-dlya-sterilizovannyh-koshek-i-kastrirovannyh-kotov-300g.html?offer=137187,3955,3955,Farmina
19,42736,"Urinary s/o LP34 Сухой корм при заболеваниях дистального отдела мочевыделительной системы у кошек, 400 г",https://4lapy.ru/catalog/koshki/korm-koshki/dieticheskiy/Royal_Canin_Urinary_SO_dieticheskiy_suhoy_korm_dlya_koshek_pri_MKB.html?offer=42570,2515,2515,Royal Canin
20,84504,"Корм сухой для кошек Стерилайзд 7+, 400 г",https://4lapy.ru/catalog/koshki/korm-koshki/sukhoy/korm-suhoy-dlya-koshek-royal-kanin-sterilayzd-7-pak-400-g.html?offer=77326,1526,1795,Royal Canin
21,119988,"Vet Life Struvite диетический сухой корм для кошек при мочекаменной болезни, 400г",https://4lapy.ru/catalog/koshki/korm-koshki/dieticheskiy/vet-life-natural-diet-cat-struvite-400-gr.html?offer=120007,4335,4335,Farmina
22,156063,"Functional Nutrition Корм сухой для стерилизованных кошек, с индейкой и уткой, 400 гр.",https://4lapy.ru/catalog/koshki/korm-koshki/sukhoy/korm-suhoy-dlya-sterilizovannyh-koshek-s-indeykoy-kuricey-i-utkoy-400g.html?offer=156065,1579,1579,Mealfeel
23,48182,"Gastrointestinal GI32 S/O Сухой корм при лечении ЖКТ для кошек, 400 гр.",https://4lapy.ru/catalog/koshki/Royal_Canin_Gastro_Intestinal_GI_32_dieticheskiy_suhoy_korm_dlya_koshek_pri_narusheniyah_pishchevareniya.html?offer=48181,3629,3629,Royal Canin
24,151170,"Adult Chicken Корм сухой беззерновой для кошек, с курицей, 400 гр.",https://4lapy.ru/catalog/koshki/korm-koshki/sukhoy/just-korm-dlya-koshek-bezzernovoy-s-kuricey.html?offer=113389,1319,1319,Ownat
25,42467,"Prescription Diet s/d Urinary Care Сухой диетический корм для кошек при профилактике мочекаменной болезни (мкб), с курицей, 1,5 кг",https://4lapy.ru/catalog/koshki/korm-koshki/dieticheskiy/Hills_suhoy_korm_dlya_sobak_melkih_i_karlikovyh_porod_starshe_7et_kuritsey.html?offer=45804,3475,3475,Hills
26,112512,"Сухой корм для котят, ягненок с индейкой, 400 гр.",https://4lapy.ru/catalog/koshki/korm-koshki/sukhoy/suhoy-korm-grandorf-dlya-kotyat-yagnenok-s-risom-400g.html?offer=112514,2919,2919,Grandorf
27,145768,"Adult Care Hypoallergenic Сухой корм гипоаллергенный для взрослых кошек, с рыбой, 1,5 кг",https://4lapy.ru/catalog/koshki/korm-koshki/sukhoy/ownat-care-korm-dlya-vzroslyh-koshek-hypoallergenic-s-ryboy-pak-1-5kg.html?offer=145770,3499,3499,Ownat
28,119998,"Vet Life Struvite Management диетический сухой корм для кошек при мочекаменной болезни, с курицей, 400г",https://4lapy.ru/catalog/koshki/korm-koshki/dieticheskiy/vet-life-natural-diet-cat-management-struvite-400-gr.html?offer=120009,4335,4335,Farmina
29,151166,"Adult Grain Free Сухой корм для взрослых кошек, с курицей и индейкой, 400 гр.",https://4lapy.ru/catalog/koshki/korm-koshki/sukhoy/gf-prime-korm-suhoy-dlya-vzroslyh-koshek-s-kuricey-i-indeykoy.html?offer=124631,1579,1579,Ownat
30,151162,"Classic Daily Care Сухой корм для кошек, с курицей, 400 гр.",https://4lapy.ru/catalog/koshki/korm-koshki/sukhoy/classic-korm-dlya-koshek-daily-care-s-kuricey.html?offer=138252,1119,1119,Ownat
31,148189,"Adult Exigent Корм сухой для привередливых кошек, с индейкой, 400 гр.",https://4lapy.ru/catalog/koshki/korm-koshki/sukhoy/korm-suhoy-dlya-priveredlivyh-koshek-s-indeykoy.html?offer=148192,4729,4729,Wellkiss
32,120000,"Vet Life UltraHypo диетический сухой корм для кошек, гипоаллергенный, с рыбой, 400г",https://4lapy.ru/catalog/koshki/korm-koshki/dieticheskiy/vet-life-natural-diet-cat-ultrahypo-400-gr.html?offer=120010,4849,4849,Farmina
33,155677,"Kitten Сухой корм для котят, беременных и кормящих кошек, 400 гр.",https://4lapy.ru/catalog/koshki/tovary-dlya-kotyat/korm-zaveli-kotenka/korm-sukhoy-dlya-kotyat-s-kuritsey-1.html?offer=155680,1440,1799,Grandin
34,148695,"Корм сухой для котят, с курицей и индейкой, 400 гр.",https://4lapy.ru/catalog/koshki/tovary-dlya-kotyat/korm-zaveli-kotenka/korm-suhoy-dlya-kotyat-s-kuricey-i-indeykoy.html?offer=148698,1579,1579,Mealfeel
35,112515,"Сухой корм для домашних кошек, с ягненком и индейкой, 400 гр.",https://4lapy.ru/catalog/koshki/korm-koshki/sukhoy/suhoy-korm-grandorf-dlya-domashnih-koshek-yagnenok-s-risom-400g.html?offer=112517,2919,2919,Grandorf
36,146238,"Сухой корм для стерилизованных кошек с уткой и индейкой, 400 г",https://4lapy.ru/catalog/koshki/korm-koshki/sukhoy/korm-suhoy-dlya-sterilizovannyh-koshek-s-utkoy-i-indeykoy.html?offer=146239,1547,1547,AlphaPet
37,41960,"Maine Coon Adult Сухой корм для взрослых кошек породы мейн-кун, 400 гр.",https://4lapy.ru/catalog/koshki/korm-koshki/sukhoy/Royal_Canin_31_Adult_suhoy_korm_dlya_koshek_porody_Meyn_Kun.html?offer=41942,2859,2859,Royal Canin
38,119884,"N&D PRIME сухой корм для кошек, с курицей и гранатом, 300г",https://4lapy.ru/catalog/koshki/korm-koshki/kholistik/farmina-n-d-prime-cat-chicken-pomegranate-adult-300g.html?offer=119886,3695,3695,Farmina
39,119986,"Vet Life Renal диетический сухой корм для кошек при почечной недостаточности, с курицей, 400г",https://4lapy.ru/catalog/koshki/korm-koshki/dieticheskiy/vet-life-natural-diet-cat-renal-400-gr.html?offer=120006,4335,4335,Farmina
40,151164,"Adult Classic Корм сухой для кошек, с рыбой, 400 гр.",https://4lapy.ru/catalog/koshki/korm-koshki/sukhoy/classic-korm-dlya-koshek-s-ryboy.html?offer=138258,1119,1119,Ownat
41,46994,"Sterilised Senior Сухой корм для пожилых стерилизованных кошек и кастрированных котов старше 7 лет, с индейкой, 400 гр.",https://4lapy.ru/catalog/koshki/korm-koshki/sukhoy/Pro_Plan_Sterilised_suhoy_korm_dlya_koshek_starshe_7et_indeyka.html?offer=41900,1460,1717,PRO PLAN®
42,42986,"Prescription Diet k/d Kidney Care Сухой диетический корм для кошек с хронической болезнью почек, с курицей, 400 гр.",https://4lapy.ru/catalog/koshki/korm-koshki/dieticheskiy/Hills_KD_dieticheskiy_suhoy_korm_dlya_koshek_pri_zabolevaniyah_pochek.html?offer=45803,4285,4285,Hills
43,119889,"N&D PRIME сухой корм для кошек, с кабаном и яблоком, 300г",https://4lapy.ru/catalog/koshki/korm-koshki/kholistik/farmina-n-d-prime-cat-wild-boar-apple-adult-300g.html?offer=119891,3695,3695,Farmina
44,132685,"Sterilised Сухой корм для стерилизованных кошек с индейкой, 1,5 кг + 400г",https://4lapy.ru/catalog/koshki/korm-koshki/sukhoy/proplan-suh-1-5kg-d-sterkoshaftekeaindkur-1-5kg-400g.html?offer=132686,1735,1735,PRO PLAN®
45,154258,"Корм сухой для взрослых кошек крупных пород, с индейкой и курицей, 400 гр.",https://4lapy.ru/catalog/koshki/korm-koshki/sukhoy/korm-suhoy-dlya-vzroslyh-koshek-krupnyh-porod-s-indeykoy-i-kuricey-400g.html?offer=154260,2099,2099,Mealfeel
46,41878,"Sterilised Adult Renal Plus Сухой корм для поддержания здоровья почек у стерилизованных кошек и кастрированных котов, с лососем, 400 гр.",https://4lapy.ru/catalog/koshki/korm-koshki/sukhoy/Pro_Plan_After_Care_suhoy_korm_dlya_kastrirovannyhsterilizovannyh_koshekosostunets.html?offer=45706,2946,3465,PRO PLAN®
47,112518,"Sterilised Adult Сухой корм для стерилизованных кошек, кролик с индейкой, 400 гр.",https://4lapy.ru/catalog/koshki/korm-koshki/sukhoy/suhoy-korm-grandorf-dlya-sterilizovannyh-koshek-krolik-s-risom-400g.html?offer=112519,899,899,Grandorf
48,151174,"Ultra Корм для кошек, с курицей и рисом, 400 гр.",https://4lapy.ru/catalog/koshki/korm-koshki/sukhoy/ultra-korm-dlya-koshek-s-kuricey-i-risom.html?offer=113391,1899,1899,Ownat
49,148699,"Корм сухой для кошек старше 7 лет, с курицей и индейкой, 400 гр.",https://4lapy.ru/catalog/koshki/korm-koshki/sukhoy/korm-suhoy-dlya-koshek-starshe-7-let-s-kuricey-i-indeykoy.html?offer=148702,1579,1579,Mealfeel
50,81094,"Sterilised корм для стерилизованных кошек с пониженным содержанием калорий, с курицей, 400 г",https://4lapy.ru/catalog/koshki/korm-koshki/sukhoy/monge-cat-sterilised-korm-dlya-sterilizovannyh-koshek-1-5-kg.html?offer=81095,1925,1925,Monge
51,41962,"Exigent 35/30 Savour Сухой корм для кошек привередливых к вкусу продукта, 200 гр.",https://4lapy.ru/catalog/koshki/korm-koshki/sukhoy/Royal_Canin_Exigent_3530_Savour_Sensation_suhoy_korm_suhoy_dlya_priveredlivyh_koshek.html?offer=45725,2140,2517,Royal Canin
52,170598,"Author Сухой корм беззерновой для стерилизованных кошек, со свежим мясом курицы, 1,5 кг",https://4lapy.ru/catalog/koshki/korm-koshki/kholistik/korm-bezzernovoy-dlya-sterilizovannyh-koshek-so-svezhim-myasom-kuricy-1-5-kg.html?offer=170599,1999,1999,Ownat
53,146990,"Adult Sterilized Luxury Hairball сухой корм для стерилизованных кошек с ягненком, 300 гр",https://4lapy.ru/catalog/koshki/korm-koshki/sukhoy/korm-suhoy-dlya-sterilizovannyh-koshek-s-yagnenkom.html?offer=153005,5999,5999,UNICA
54,41924,"Kitten 36 Second Age Сухой корм для котят в возрасте до 12 месяцев, 300 гр.",https://4lapy.ru/catalog/koshki/tovary-dlya-kotyat/korm-zaveli-kotenka/Royal_Canin_Kitten_36_suhoy_korm_dlya_kotyat_vozrast_do_12_mes_i_beremennyh_koshek.html?offer=41926,2369,2369,Royal Canin
55,42921,"Sterilised Adult Renal Plus Сухой корм для поддержания здоровья почек у стерилизованных кошек и кастрированных котов, с индейкой, 3 кг",https://4lapy.ru/catalog/koshki/korm-koshki/sukhoy/Pro_Plan_After_Care_suhoy_korm_dlya_kastrirovannyhsterilizovannyh_koshek_indeykakuritsa.html?offer=42922,1475,1735,PRO PLAN®
56,42586,"Gastrointestinal Fibre Response FR31 S/O Сухой корм для кошек при нарушениях пищеварения, 400 гр.",https://4lapy.ru/catalog/koshki/korm-koshki/dieticheskiy/Royal_Canin_Fibre_Response_FR31_dieticheskiy_suhoy_korm_dlya_koshek_pri_zabolevaniyah_GKT.html?offer=42589,4079,4079,Royal Canin
57,143073,"Prescription Diet c/d Multicare Urinary Stress Сухой диетический корм для кошек при профилактике цистита и мочекаменной болезни (мкб), в том числе вызванные стрессом, с океанической рыбой, 400 гр.",https://4lapy.ru/catalog/koshki/korm-koshki/dieticheskiy/pd-c-d-korm-d-kosh-stress-ryba-6h400g.html?offer=143075,3555,3555,Hills
58,45823,"Prescription Diet c/d Multicare Urinary Stress Сухой диетический корм для кошек при профилактике цистита и мочекаменной болезни (мкб), в том числе вызванные стрессом, с курицей, 400 гр.",https://4lapy.ru/catalog/koshki/korm-koshki/dieticheskiy/Hills_CD_dieticheskiy_suhoy_korm_dlya_koshek_Urinary_Stress_kuritsey_1008091.html?offer=45824,3555,3555,Hills
59,148179,"Kitten Delicate Корм сухой для котят с чувствительным пищеварением, с индейкой, 400 гр.",https://4lapy.ru/catalog/koshki/tovary-dlya-kotyat/korm-zaveli-kotenka/korm-suhoy-dlya-kotyat-chuvstvitelnoe-pishchevarenie-s-indeykoy.html?offer=148181,1129,1129,Wellkiss
60,41956,"British Shorthair 36 Adult Сухой корм для взрослых кошек породы британская короткошерстная, 400 гр.",https://4lapy.ru/catalog/koshki/korm-koshki/sukhoy/Royal_Canin_34_Adult_suhoy_korm_dlya_koshek_porody_Britanskaya_korotkosherstnaya.html?offer=43492,2859,2859,Royal Canin
61,41904,"Sensible 33 Regular Сухой корм при чувствительной пищеварительной системе у кошек в возрасте от 1 года до 7 лет, 200 гр.",https://4lapy.ru/catalog/koshki/korm-koshki/sukhoy/Royal_Canin_Sensible_33_suhoy_korm_dlya_koshek_pri_chuvstvitelnom_pishchevarenii.html?offer=45709,2375,2375,Royal Canin
62,42465,"Prescription Diet i/d Digestive Care Сухой диетический корм при расстройствах пищеварения у кошек, с курицей, 400 гр.",https://4lapy.ru/catalog/koshki/korm-koshki/dieticheskiy/Hills_suhoy_korm_dlya_sobak_melkih_i_karlikovyh_porod_kuritsey.html?offer=42596,3775,3775,Hills
63,145771,"Adult Care Renal Сухой корм для взрослых кошек с хронической почечной недостаточностью, с курицей, 1,5 кг",https://4lapy.ru/catalog/koshki/korm-koshki/dieticheskiy/ownat-care-korm-dlya-vzroslyh-koshek-renal-s-kuricey-pak-1-5kg.html?offer=145773,3459,3459,Ownat
64,86127,"Sterilised Сухой корм для взрослых стерилизованных кошек и кастрированных котов с чувствительным пищеварением, с курицей, 400 гр.",https://4lapy.ru/catalog/koshki/korm-koshki/sukhoy/proplan-suh-400g-dlya-sterilizovannyh-koshek-s-kuricey.html?offer=86129,1628,1915,PRO PLAN®
65,156066,"Functional Nutrition Корм сухой для стерилизованных кошек старше 7 лет, с сельдью и лососем, 400 гр.",https://4lapy.ru/catalog/koshki/korm-koshki/sukhoy/korm-suhoy-dlya-sterilizovannyh-koshek-starshe-7-let-s-seldyu-i-lososem-400g.html?offer=156068,1579,1579,Mealfeel
66,42573,"Hypoallergenic DR25 Сухой корм для кошек с пищевой аллергией, 500 гр.",https://4lapy.ru/catalog/koshki/korm-koshki/dieticheskiy/Royal_Canin_Hypoallergenic_dieticheskiy_suhoy_korm_dlya_koshek_pri_allergii.html?offer=42574,5217,5217,Royal Canin
67,146227,"WOW Сухой корм для стерилизованных кошек с индейкой, 350 г",https://4lapy.ru/catalog/koshki/korm-koshki/sukhoy/korm-suhoy-dlya-sterilizovannyh-koshek-s-indeykoy2.html?offer=146229,855,855,AlphaPet
68,112521,"Сухой корм для кошек белая рыба с индейкой, забота о коже и шерсти 400гр.",https://4lapy.ru/catalog/koshki/korm-koshki/sukhoy/suhoy-korm-grandorf-dlya-domashnih-koshek-belaya-ryba-s-burym-risom-400g.html?offer=112523,2919,2919,Grandorf
69,119879,"N&D Prime Сухой корм для котят, с курицей и гранатом, 300 гр.",https://4lapy.ru/catalog/koshki/tovary-dlya-kotyat/korm-zaveli-kotenka/farmina-n-d-prime-cat-chicken-pomegranate-kitten-300g.html?offer=119881,4065,4065,Farmina
70,146265,"Корм сухой для стерилизованных кошек, с индейкой и курицей, 400 гр.",https://4lapy.ru/catalog/koshki/korm-koshki/sukhoy/korm-suhoy-dlya-sterilizovannyh-koshek-s-indeykoy-i-kuricey.html?offer=146266,1115,1115,Sirius
71,148186,"Senior Sterilized Корм сухой для кошек старше 7 лет, с индейкой, 400 гр.",https://4lapy.ru/catalog/koshki/korm-koshki/sukhoy/korm-suhoy-dlya-koshek-senor-steril-s-indeykoy.html?offer=148188,1129,1129,Wellkiss
72,170596,"Author Сухой корм для кошек, с жирной рыбой и свежим мясом домашней птицы, 1,5 кг",https://4lapy.ru/catalog/koshki/korm-koshki/kholistik/korm-dlya-koshek-s-zhirnoy-ryboy-i-svezhim-myasom-domashney-pticy-1-5-kg.html?offer=170597,2149,2149,Ownat
73,45698,"Sterilised Adult Сухой корм для поддержания здоровья почек у стерилизованных кошек и кастрированных котов старше 1 года, с кроликом, 200 гр.",https://4lapy.ru/catalog/koshki/korm-koshki/sukhoy/Pro_Plan_After_Care_suhoy_korm_dlya_kastrirovannyhsterilizovannyh_koshek_kuritsakrolik.html?offer=41891,1475,1735,PRO PLAN®
74,42583,"Gastrointestinal Moderate Calorie GIM35 S/O Сухой диетический корм для кошек при нарушении пищеварения, 400 гр.",https://4lapy.ru/catalog/koshki/korm-koshki/dieticheskiy/Royal_Canin_Gastro_Intestinal_Moderate_Calorie_GIM35_dieticheskiy_suhoy_korm_dlya_koshek.html?offer=42584,3895,3895,Royal Canin
75,146236,"Сухой корм для стерилизованных кошек с ягненком и индейкой, 400 г",https://4lapy.ru/catalog/koshki/korm-koshki/sukhoy/korm-suhoy-dlya-sterilizovannyh-koshek-s-yagnenkom-i-indeykoy.html?offer=146237,1565,1565,AlphaPet
76,148176,"Adult Salmon Корм сухой для кошек, с лососем, 400 гр.",https://4lapy.ru/catalog/koshki/korm-koshki/sukhoy/korm-suhoy-dlya-koshek-s-lososem1.html?offer=148178,1129,1129,Wellkiss
77,132639,"Sterilised Сухой корм для стерилизованных кошек с кроликом, 1,5 кг + 400г",https://4lapy.ru/catalog/koshki/korm-koshki/sukhoy/proplan-suh-1-5kg-d-ster-kosh-afte-kea-kurica-krolik-1-5kg-400g.html?offer=132640,1735,1735,PRO PLAN®
78,86939,"Neutered Satiety Balance Сухой корм для стерилизованных кошек и кастрированных котов, 300 гр.",https://4lapy.ru/catalog/koshki/korm-koshki/dieticheskiy/korm-suhoy-royal-kanin-dlya-koshek-nyutrid-sataeti-belens-pak-400-g.html?offer=86941,1963,2309,Royal Canin
79,42601,"Prescription Diet Metabolic Сухой диетический корм для кошек, способствующий снижению и контролю веса, с курицей, 250 гр.",https://4lapy.ru/catalog/koshki/korm-koshki/dieticheskiy/Hills_Metabolic_dieticheskiy_suhoy_korm_dlya_koshek_dlya_korrektsii_vesa.html?offer=42603,3360,4199,Hills
80,170602,"Grain Free Сухой корм для стерилизованных кошек, с рыбой, 1 кг",https://4lapy.ru/catalog/koshki/korm-koshki/kholistik/korm-dlya-sterilizovannyh-koshek-s-ryboy-1-kg1.html?offer=170603,1679,1679,Ownat
81,41991,"Science Plan Сухой корм для взрослых кошек для поддержания жизненной энергии и иммунитета, с ягненком, 300 гр.",https://4lapy.ru/catalog/koshki/korm-koshki/sukhoy/Hills_Standard_suhoy_korm_dlya_koshek_yagnenok.html?offer=41992,9268,11585,Hills
82,132643,"Sterilised Сухой корм для стерилизованных кошек с индейкой, 2,4 кг + 600 г",https://4lapy.ru/catalog/koshki/korm-koshki/sukhoy/proplan-suh-3kg-d-ster-kosh-afte-kea-ind-2-4kg-600g.html?offer=132644,2773,2773,PRO PLAN®
83,66569,"Sphynx Adult Сухой корм для взрослых кошек породы сфинкс, 400 гр.",https://4lapy.ru/catalog/koshki/korm-koshki/sukhoy/Royal_Canin_Sphynx_33_Adult_suhoy_korm_dlya_koshek_porody_Sfinks.html?offer=41931,2859,2859,Royal Canin
84,146240,"Сухой корм для взрослых кошек с чувствительным пищеварением с ягненком, 400 г",https://4lapy.ru/catalog/koshki/korm-koshki/sukhoy/korm-suhoy-dlya-vzroslyh-koshek-s-yagnenkom.html?offer=146241,1375,1617,AlphaPet
85,94474,"Urinary S/O корм для кошек при заболеваниях дистального отдела мочевыделительной системы, модератор калорий, 400 г",https://4lapy.ru/catalog/koshki/korm-koshki/dieticheskiy/korm-suhoy-dlya-koshek-urinari-s-o-moderator-kaloriy.html?offer=94819,2599,2599,Royal Canin
86,111429,корм для стерилизованных кошек с уткой,https://4lapy.ru/catalog/koshki/korm-koshki/sukhoy/korm-dlya-sterilizovannyh-koshek-s-utkoy.html?offer=111430,10329,10329,Monge
87,132687,"Delicate Сухой корм для кошек от 1 года с чувствительным пищеварением синдейкой, 1,5 кг + 400 г",https://4lapy.ru/catalog/koshki/korm-koshki/sukhoy/proplan-suh-1-5kg-d-kosh-chuvpishch-indris-1-5kg-400g.html?offer=132688,1735,1735,PRO PLAN®
88,137196,"OCEAN CAT корм сухой для котят, с треской, креветкой, тыквой и дыней, 300гр",https://4lapy.ru/catalog/koshki/tovary-dlya-kotyat/korm-zaveli-kotenka/farmina-n-d-oushen-ket-treska-krevetka-tykva-i-dynya-dlya-kotyat-300g.html?offer=137199,3955,3955,Farmina
89,75554,"Delicate сухой корм для взрослых кошек при чувствительном пищеварении с ягненком, 400 г",https://4lapy.ru/catalog/koshki/korm-koshki/sukhoy/proplan-suh-400g-d-koshek-chuvstvitelnoe-pishchevarenie-yagnenok.html?offer=75559,1943,1943,PRO PLAN®
90,146993,"Adult Sterilized Sensitive сухой корм для стерилизованных кошек с тунцом, 300 гр",https://4lapy.ru/catalog/koshki/korm-koshki/sukhoy/korm-suhoy-dlya-sterilizovannyh-koshek-s-tuncom1.html?offer=146995,1349,1349,UNICA
91,170600,"Grain Free Prime Сухой корм для стерилизованных кошек, с рыбой, 1 кг",https://4lapy.ru/catalog/koshki/korm-koshki/kholistik/korm-dlya-sterilizovannyh-koshek-s-ryboy-1-kg.html?offer=170601,1899,1899,Ownat
92,146683,"Indoor сухой корм для кошек с лососем, рисом и яблоками, 350 гр",https://4lapy.ru/catalog/koshki/korm-koshki/sukhoy/korm-suhoy-dlya-koshek-indor-s-lososem-risom-i-yablokami.html?offer=146685,1839,1839,UNICA
93,64398,"Science Plan Sensitive Stomach & Skin Сухой корм для кошек с чувствительным пищеварением и кожей, с курицей, 300 гр.",https://4lapy.ru/catalog/koshki/korm-koshki/sukhoy/hills_suh_5kg_dlya_koshek_s_chuvstvitelnoy_kogey_i_geludkom_sensitivestomach_-_skin_1022815.html?offer=70056,2412,3015,Hills
94,45704,"Delicate Сухой корм для взрослых кошек с чувствительным пищеварением, с индейкой, 400 гр.",https://4lapy.ru/catalog/koshki/korm-koshki/sukhoy/Pro_Plan_Delicate_suhoy_korm_dlya_koshek_s_chuvstvitelnym_pishchevareniem_indeykaris.html?offer=43214,1735,1735,PRO PLAN®
95,148055,"NF Renal Function Advanced care Сухой корм для взрослых кошек при хронической почечной недостаточности для поддержания функции почек (поздняя стадия), 350 гр.",https://4lapy.ru/catalog/koshki/korm-koshki/dieticheskiy/veterinary-diets-nf-suhoy-korm-advanced-care-dlya-podderzhaniya-funkcii-pochek-na-pozdney-stadii-1-5kg.html?offer=148056,4275,4275,PRO PLAN® Veterinary Diets
96,131689,"Nature Elements Сухой корм для взрослых кошек с чувствительным пищеварением или особыми предпочтениями в еде, с индейкой, 200 гр.",https://4lapy.ru/catalog/koshki/korm-koshki/sukhoy/pro-plan-natel-koshka-pishch-ind-10x200g.html?offer=131692,1600,1999,PRO PLAN®
97,169433,"Kitten Сухой корм для котят крупных пород, беременных и кормящих кошек, 1,5 кг (крупные гранулы)",https://4lapy.ru/catalog/koshki/tovary-dlya-kotyat/korm-zaveli-kotenka/korm-suhoy-dlya-kotyat-krupnyh-porod-beremennyh-i-kormyashchih-koshek.html?offer=169434,1799,1799,Grandin
98,139531,"Premium Cat Sterilized Salmon&Chicken сухой корм для стерилизованных кошек с лососем и курицей, 400г",https://4lapy.ru/catalog/koshki/korm-koshki/sukhoy/premium-cat-sterilized-salmon-chicken-suhoy-korm-dlya-sterilizovannyh-koshek-s-lososem-i-kuricey-400g.html?offer=139534,1160,1449,Brit
99,42541,"DM St/Ox Diabetes Management Сухой диетический корм при сахарном диабете для кошек, 1,5 кг",https://4lapy.ru/catalog/koshki/korm-koshki/dieticheskiy/Purina_Veterinary_Diets_DM_dieticheskiy_suhoy_korm_dlya_koshek_pri_diabete_pak__15kg_1002270.html?offer=42542,3999,3999,PRO PLAN® Veterinary Diets
100,42563,"Renal RF23 корм для взрослых кошек с хронической почечной недостаточностью, 400 гр",https://4lapy.ru/catalog/koshki/korm-koshki/dieticheskiy/Royal_Canin_Renal_dieticheskiy_suhoy_korm_dlya_koshek_pri_pochechnoy_nedostatochnosti.html?offer=42564,3865,3865,Royal Canin
101,81104,"Indoor корм для домашних кошек с низкой физической активностью, с курицей, 400 г",https://4lapy.ru/catalog/koshki/korm-koshki/sukhoy/monge-cat-indoor-korm-dlya-domashnih-koshek-400g.html?offer=82025,1475,1475,Monge
102,108466,"Sterilised Сухой корм для взрослых стерилизованных кошек и кастрированных котов, c уткой и печенью, 400 гр.",https://4lapy.ru/catalog/koshki/korm-koshki/sukhoy/pro-plan-cat-d-ster-utka-pechen-400g.html?offer=108468,1815,2135,PRO PLAN®
103,146987,"Adult In-home Luxury Hairball сухой корм для домашних кошек с курицей, 300 гр",https://4lapy.ru/catalog/koshki/korm-koshki/sukhoy/korm-suhoy-dlya-domashnih-koshek-s-kuricey.html?offer=146989,1249,1249,UNICA
104,137907,"Корм сухой для стерилизованных кошек курица, 400г",https://4lapy.ru/catalog/koshki/korm-koshki/sukhoy/korm-suhoy-dlya-sterilizovannyh-koshek-kurica.html?offer=137908,1160,1449,Brit
105,41914,"Mother and Babycat First Age Сухой корм для беременных, кормящих кошек и котят в возрасте от 1 до 4 месяцев, 400 гр.",https://4lapy.ru/catalog/koshki/korm-koshki/sukhoy/Royal_Canin_Babycat_34_korm_suhoy_korm_dlya_kotyat_ot_1_do_4_mes_i_beremennyh_koshek.html?offer=41915,2369,2369,Royal Canin
106,86949,"Science Plan Urinary Health Сухой корм для взрослых кошек, склонных к мочекаменной болезни, с курицей, 300 гр.",https://4lapy.ru/catalog/koshki/korm-koshki/sukhoy/science-plan-sterilised-cat-urinary-health-korm-dlya-sterilizovannyhkoshek-s-kuricey.html?offer=86952,2600,3250,Hills
107,146680,"Indoor сухой корм для кошек с курицей, морковью и рисом, 350 гр",https://4lapy.ru/catalog/koshki/korm-koshki/sukhoy/korm-suhoy-dlya-koshek-indor-s-kuricey-morkovyu-i-risom.html?offer=146682,1839,1839,UNICA
108,42549,"Veterinary Diets OM St/Ox Obesity Management Сухой диетический корм для снижения избыточной массы тела у кошек, 350 гр.",https://4lapy.ru/catalog/koshki/korm-koshki/dieticheskiy/Purina_Veterinary_Diets_OM_dieticheskiy_suhoy_korm_dlya_koshek_pri_ogirenii.html?offer=42550,4295,4295,PRO PLAN® Veterinary Diets
109,42551,"Veterinary Diets EN ST/OX Gastrointestinal Сухой корм для котят и взрослых кошек для снижения проявлений кишечных расстройств, 400 гр.",https://4lapy.ru/catalog/koshki/korm-koshki/dieticheskiy/Purina_Veterinary_Diets_EN_dieticheskiy_suhoy_korm_dlya_koshek_pri_patologiyah_GKT.html?offer=42552,3899,3899,PRO PLAN® Veterinary Diets
110,43029,"Indoor 27 Home Life Сухой корм для домашних кошек в возрасте от 1 до 7 лет, 0,2 кг",https://4lapy.ru/catalog/koshki/korm-koshki/sukhoy/Royal_Canin_Indoor_27_suhoy_korm_dlya_domashnih_koshek.html?offer=45710,2140,2517,Royal Canin
111,146222,"WOW Сухой корм для стерилизованных кошек с цыпленком, 350 г",https://4lapy.ru/catalog/koshki/korm-koshki/sukhoy/korm-suhoy-dlya-sterilizovannyh-koshek-s-cyplenkom.html?offer=146223,867,867,AlphaPet
112,84511,"Корм сухой для кошек Роял Канин Стерилайзд 12+, пак. 400 г",https://4lapy.ru/catalog/koshki/korm-koshki/sukhoy/korm-suhoy-dlya-koshek-royal-kanin-sterilayzd-12-pak-400-g.html?offer=31128,2019,2375,Royal Canin
113,81102,"Hairball корм для домашних кошек, часто страдающих от скопления комков шерсти в желудке, с курицей, 400 г",https://4lapy.ru/catalog/koshki/korm-koshki/sukhoy/monge-cat-hairball-korm-dlya-koshek-dlya-vyvedeniya-shersti-1-5-kg.html?offer=81103,1945,1945,Monge
114,41893,"Elegant Adult Сухой корм для здоровья шерсти и кожи взрослых кошек, с лососем, 400 гр.",https://4lapy.ru/catalog/koshki/korm-koshki/sukhoy/Pro_Plan_suhoy_korm_dlya_koshek_s_chuvstvitelnoy_kogey_so_vkusomososya_i_risa.html?offer=41895,1943,1943,PRO PLAN®
115,47099,"Delicate сухой корм для котят при чувствительном пищеварении с индейкой, 200 г",https://4lapy.ru/catalog/koshki/tovary-dlya-kotyat/korm-zaveli-kotenka/Pro_Plan_Delicate_suhoy_korm_dlya_kotyat_chuvstvitelnoe_pishchevarenie_indeyka.html?offer=42948,1875,1875,PRO PLAN®
116,146219,"WOW Сухой корм для взрослых кошек с говядиной и печенью, 350 г",https://4lapy.ru/catalog/koshki/korm-koshki/sukhoy/korm-suhoy-dlya-vzroslyh-koshek-s-govyadinoy-i-pechenyu.html?offer=146221,885,885,AlphaPet
117,142891,"Корм для кошек с чувствительным пищеварением с индейкой, 400 г",https://4lapy.ru/catalog/koshki/korm-koshki/sukhoy/korm-dlya-koshek-s-chuvstvitelnym-pishchevareniem-s-indeykoy.html?offer=142897,889,1045,DELICANA
118,142895,"Корм для стерилизованных кошек с кроликом, 400 гр.",https://4lapy.ru/catalog/koshki/korm-koshki/sukhoy/korm-dlya-sterilizovannyh-koshek-s-krolikom.html?offer=142899,1045,1045,DELICANA
119,155314,"Adult Sterilized Lightness Сухой корм для стерилизованных кошек, с уткой, 300 гр.",https://4lapy.ru/catalog/koshki/korm-koshki/sukhoy/korm-suhoy-dlya-sterilizovannyh-koshek-laytness-s-utkoy-300-g.html?offer=155317,1349,1349,UNICA
120,41902,"Hair and Skin Care 33 Сухой корм для поддержания здоровья кожи и шерсти у взрослых кошек, 400 гр.",https://4lapy.ru/catalog/koshki/korm-koshki/sukhoy/Royal_Canin_Hair_Skin_33_suhoy_korm_dlya_koshek_dlya_zdorovya_shersti_i_kogi.html?offer=48615,3115,3115,Royal Canin
121,43422,"Hairball Care Сухой корм для профилактики образования волосяных комочков в ЖКТ у взрослых кошек, 400 гр.",https://4lapy.ru/catalog/koshki/korm-koshki/sukhoy/Royal_Canin_Intense_Hairball_34_suhoy_korm_dlya_koshek_dlya_vyvoda_shersti.html?offer=41909,685,685,Royal Canin
122,137190,"OCEAN CAT корм сухой для взрослых кошек, с сельдью, тыквой и апельсином, 300гр",https://4lapy.ru/catalog/koshki/korm-koshki/kholistik/farmina-n-d-oushen-ket-seld-tykva-i-apelsin-dlya-vzroslyh-koshek-300g.html?offer=137193,3955,3955,Farmina
123,146686,"Indoor сухой корм для кошек с ягненком, рисом и горохом, 350 гр",https://4lapy.ru/catalog/koshki/korm-koshki/sukhoy/korm-suhoy-dlya-koshek-indor-s-yagnenkom-risom-i-gorohom.html?offer=146688,1839,1839,UNICA
124,119994,"Vet Life Neutered Male диетический сухой корм для стерилизованных котов, с курицей, 400г",https://4lapy.ru/catalog/koshki/korm-koshki/dieticheskiy/vet-life-natural-diet-cat-neutered-male-400-gr.html?offer=119995,915,915,Farmina
125,139524,"Premium Cat Sensitive сухой корм для кошек с чувствительным пищеварением с ягненком и индейкой, 400г",https://4lapy.ru/catalog/koshki/korm-koshki/sukhoy/premium-cat-sensitive-suhoy-korm-dlya-koshek-s-chuvstvitelnym-pishchevareniem-s-yagnenkom-i-indeykoy-400g.html?offer=139527,1180,1475,Brit
126,137903,"Корм сухой для котят курица, 400г",https://4lapy.ru/catalog/koshki/tovary-dlya-kotyat/korm-zaveli-kotenka/korm-suhoy-dlya-kotyat-kurica.html?offer=139515,996,1245,Brit
127,146689,"Outdoor сухой корм для кошек с уткой, рисом и апельсинами, 350 гр",https://4lapy.ru/catalog/koshki/korm-koshki/sukhoy/korm-suhoy-dlya-koshek-autdor-s-utkoy-risom-i-apelsinami.html?offer=146691,1839,1839,UNICA
128,111427,корм для стерилизованных кошек с форелью,https://4lapy.ru/catalog/koshki/korm-koshki/sukhoy/korm-dlya-sterilizovannyh-koshek-s-forelyu1.html?offer=111428,10329,10329,Monge
129,104632,"Science Plan Сухой корм для взрослых кошек для поддержания жизненной энергии и иммунитета, с уткой, 300 гр.",https://4lapy.ru/catalog/koshki/korm-koshki/sukhoy/suhoy-korm-hills-science-plan-dlya-vzroslyh-koshek-dlya-podderzhaniya-zhiznennoy-energii-i-immuniteta-s-utkoy-300-g.html?offer=104635,2579,2579,Hills
130,139516,"Premium Cat Adult Chicken сухой корм для взрослых кошек с курицей, 400г",https://4lapy.ru/catalog/koshki/korm-koshki/sukhoy/premium-cat-adult-chicken-suhoy-korm-dlya-vzroslyh-koshek-s-kuricey-400g.html?offer=139519,1004,1255,Brit
131,42561,"Diabetic DS46 Сухой корм для кошек при сахарном диабете, 400 гр.",https://4lapy.ru/catalog/koshki/korm-koshki/dieticheskiy/Royal_Canin_Diabetic_dieticheskiy_suhoy_korm_dlya_koshek_pri_saharnom_diabete.html?offer=42562,3155,3155,Royal Canin
132,111435,"Cat Adult корм сухой для взрослых кошек с курицей, 10кг",https://4lapy.ru/catalog/koshki/korm-koshki/sukhoy/korm-dlya-vzroslyh-koshek-s-kuricey.html?offer=111436,8849,8849,Monge
133,79957,"Urinary Care Сухой корм при профилактике мочекаменной болезни для взрослых кошек, 400 гр.",https://4lapy.ru/catalog/koshki/korm-koshki/sukhoy/korm-suhoy-royal-kanin-dlya-koshek-urinari-pak-2-kg.html?offer=79958,3115,3115,Royal Canin
134,146984,"Kitten Development сухой корм для котят с курицей, 300 гр",https://4lapy.ru/catalog/koshki/tovary-dlya-kotyat/korm-zaveli-kotenka/korm-suhoy-dlya-kotyat-s-kuricey.html?offer=146986,1249,1249,UNICA
135,142893,"Корм для стерилизованных кошек с лососем, 400 г",https://4lapy.ru/catalog/koshki/korm-koshki/sukhoy/korm-dlya-sterilizovannyh-koshek-s-lososem.html?offer=142898,1045,1045,DELICANA
136,41993,"Science Plan Сухой корм для котят для здорового роста и развития, с курицей, 300 гр.",https://4lapy.ru/catalog/koshki/tovary-dlya-kotyat/korm-zaveli-kotenka/Hills_suhoy_korm_dlya_kotyat_i_beremennyh_koshek_kuritsey.html?offer=104595,2480,2480,Hills
137,41952,"Fit 32 Regular Сухой корм для бывающих на улице кошек в возрасте от 1 до 7 лет, 0,2 кг",https://4lapy.ru/catalog/koshki/korm-koshki/sukhoy/Royal_Canin_Fit_32_suhoy_korm_dlya_koshek_s_umerennoy_aktivnostyu.html?offer=45707,1917,2255,Royal Canin
138,81096,"Kitten корм для здорового роста котят в возрасте от 1 до 12 месяцев, беременных и кормящих кошек, с курицей, 400 г",https://4lapy.ru/catalog/koshki/korm-koshki/sukhoy/monge-cat-korm-dlya-kotyat-1-5-kg.html?offer=81097,1999,1999,Monge
139,137202,"OCEAN CAT корм сухой для взрослых кошек, с треской, спельтой, овсом и апельсином, 300гр",https://4lapy.ru/catalog/koshki/korm-koshki/kholistik/farmina-n-d-oushen-ket-treska-spelta-oves-i-apelsin-dlya-vzroslyh-koshek-300g.html?offer=137205,3955,3955,Farmina
140,119996,"Vet Life Neutered Female диетический сухой корм для стерилизованных кошек, с курицей, 400г",https://4lapy.ru/catalog/koshki/korm-koshki/dieticheskiy/vet-life-natural-diet-cat-neutered-female-400-gr.html?offer=119997,915,915,Farmina
141,146269,"Корм сухой для котят, с индейкой, 400 гр.",https://4lapy.ru/catalog/koshki/tovary-dlya-kotyat/korm-zaveli-kotenka/korm-suhoy-dlya-kotyat-s-indeykoy.html?offer=146270,991,1165,Sirius
142,66571,"Science Plan Сухой корм для взрослых кошек для поддержания жизненной энергии и иммунитета, с тунцом, 300 гр.",https://4lapy.ru/catalog/koshki/korm-koshki/sukhoy/Hills_Standard_suhoy_korm_dlya_koshek_tunets.html?offer=104601,2579,2579,Hills
143,48177,"Hepatic HF26 корм для кошек при заболеваниях печени, 500 г",https://4lapy.ru/catalog/koshki/korm-koshki/dieticheskiy/Royal_Canin_Hepatic_HF26_Feline_korm_suhoy_dieticheskiy_suhoy_korm_dlya_koshek_pri_boleznyah_pecheni.html?offer=48178,1149,1149,Royal Canin
144,146267,"Корм сухой для взрослых кошек, мясной рацион, 1,5 кг",https://4lapy.ru/catalog/koshki/korm-koshki/sukhoy/korm-suhoy-dlya-vzroslyh-koshek-myasnoy-racion.html?offer=146268,1135,1135,Sirius
145,41880,"Original Adult Сухой корм для поддержания здоровья почек у взрослых кошек, с курицей, 400 гр.",https://4lapy.ru/catalog/koshki/korm-koshki/sukhoy/Pro_Plan_Adult_suhoy_korm_dlya_koshek_kuritsaris.html?offer=41888,563,563,PRO PLAN®
146,86132,"Sterilised сухой корм для взрослых кошек для поддержания органов чувств у стерилизованных с лососем, 400 г",https://4lapy.ru/catalog/koshki/korm-koshki/sukhoy/proplan-suh-400g-dlya-sterilizovannyh-koshek-chuvstvitelnoe-pishchevarenie-s.html?offer=86134,1815,2135,PRO PLAN®
147,137905,"Корм сухой для взрослых кошек лосось, 400г",https://4lapy.ru/catalog/koshki/korm-koshki/sukhoy/korm-suhoy-dlya-vzroslyh-koshek-losos.html?offer=139523,1004,1255,Brit
148,31164,"Science Plan Hairball Indoor Сухой корм для выведения шерсти из желудка у домашних кошек, с курицей, 1,5 кг",https://4lapy.ru/catalog/koshki/korm-koshki/sukhoy/Korm_dlya_domashnih_koshek_Hills_Indor_kuritsa.html?offer=31165,3496,3496,Hills
149,147244,"Sterilised Сухой корм для взрослых стерилизованных кошек и кастрированных котов, с говядиной и пшеницей, 750 гр.",https://4lapy.ru/catalog/koshki/korm-koshki/sukhoy/korm-suhoy-dlya-sterilizovannyh-koshek-govyadina-i-pshenica.html?offer=147245,1999,1999,Purina ONE®
150,146271,"Корм сухой для взрослых кошек, с лососем и рисом, 400 гр.",https://4lapy.ru/catalog/koshki/korm-koshki/sukhoy/korm-suhoy-dlya-vzroslyh-koshek-s-lososem-i-risom.html?offer=146273,1125,1125,Sirius
151,146233,"Сухой корм для котят с цыпленком, 400 г",https://4lapy.ru/catalog/koshki/tovary-dlya-kotyat/korm-zaveli-kotenka/korm-suhoy-dlya-kotyat-s-cyplenkom.html?offer=146234,535,535,AlphaPet
152,49002,"Science Plan Сухой корм для взрослых стерилизованных кошек и кастрированных котов, с тунцом, 300 гр.",https://4lapy.ru/catalog/koshki/korm-koshki/sukhoy/Hills_dlya_sterilizovannyh_koshek_tunets.html?offer=42008,569,569,Hills
153,170134,"Сухой корм для стерилизованных кошек, с уткой и клюквой, 1,5 кг",https://4lapy.ru/catalog/koshki/korm-koshki/sukhoy/korm-suhoy-dlya-sterilizovannyh-koshek-s-utkoy-i-klyukvoy-1-5-kg.html?offer=170135,1035,1035,Sirius
154,41947,"Kitten Maine Coon корм для котят породы мейн-кун в возрасте до 15 месяцев, 400 г",https://4lapy.ru/catalog/koshki/korm-koshki/sukhoy/Royal_Canin_suhoy_korm_dlya_kotyat_krupnyh_porod_Meyn_Kun_s_ptitsey.html?offer=41948,615,615,Royal Canin
155,143088,"Prescription Diet k/d and Mobility Сухой диетический корм для кошек для поддержания здоровья почек и суставов, с курицей, 1,5 кг",https://4lapy.ru/catalog/koshki/korm-koshki/dieticheskiy/pd-k-d-mob-korm-d-kosh-poch-sustavy-6h1-5kg.html?offer=143089,4705,4705,Hills
156,166404,"Monopronein Superpremium Сухой корм для взрослых кошек, с индейкой, 1,5 кг",https://4lapy.ru/catalog/koshki/korm-koshki/kholistik/korm-suhoy-dlya-koshek-s-indeykoy-1-5kg.html?offer=166405,1737,1737,AlphaPet
157,168905,"Сухой корм для котят, с курицей, 400 гр.",https://4lapy.ru/catalog/koshki/korm-koshki/sukhoy/korm-suhoy-dlya-kotyat-s-kuricey-pak-400g.html?offer=168906,419,419,Wellkiss
158,66358,"British Shorthair Kitten корм для британских короткошерстных котят в возрасте до 12 месяцев, 400 г",https://4lapy.ru/catalog/koshki/korm-koshki/sukhoy/Royal_Canin_British_Shorthair_Kitten_korm_dlya_kotyat_porody_Britanskaya_korotkosherstnaya.html?offer=48201,615,615,Royal Canin
159,165077,"Acti Protect Expert Care Nutrition Сухой корм для стерилизованных кошек, с индейкой 1,5 кг",https://4lapy.ru/catalog/koshki/korm-koshki/sukhoy/korm-sukhoy-acti-protect-dlya-sterilizovannykh-koshek-s-indeykoy-1-5kg.html?offer=165078,2189,2189,PRO PLAN®
160,165079,"Acti Protect Сухой корм для взрослых стерилизованных кошек и кастрированных котов, с высоким содержанием индейки, 400 гр.",https://4lapy.ru/catalog/koshki/korm-koshki/sukhoy/korm-sukhoy-acti-protect-dlya-sterilizovannykh-koshek-s-indeykoy-400g.html?offer=165080,665,665,PRO PLAN®
161,113374,"Корм сухой кошек Гастроинтестинал Хэирбол Контрол, 400 г",https://4lapy.ru/catalog/koshki/korm-koshki/dieticheskiy/korm-suhoy-koshek-gastrointestinal-heirbol-kontrol.html?offer=113375,875,875,Royal Canin
162,146276,"Корм сухой для стерилизованных кошек, с уткой и клюквой, 400 гр.",https://4lapy.ru/catalog/koshki/korm-koshki/sukhoy/korm-suhoy-dlya-sterilizovannyh-koshek-s-utkoy-i-klyukvoy.html?offer=146277,277,325,Sirius
163,131684,"Nature Elements Сухой корм для взрослых стерилизованных кошек и кастрированных котов, с курицей, 200 г",https://4lapy.ru/catalog/koshki/korm-koshki/sukhoy/proplan-suh-1-4kg-d-kosh-nat-steril-kur.html?offer=131685,1600,1999,PRO PLAN®
164,166400,"Monopronein Superpremium Сухой корм для взрослых кошек, с индейкой, 400 гр.",https://4lapy.ru/catalog/koshki/korm-koshki/kholistik/korm-suhoy-dlya-koshek-s-indeykoy-400g.html?offer=166401,475,475,AlphaPet
165,147239,"Sterilised Сухой корм для взрослых стерилизованных кошек и кастрированных котов, с курицей и цельными злаками, 1,5 кг",https://4lapy.ru/catalog/koshki/korm-koshki/sukhoy/korm-suhoy-dlya-sterilizovannyh-koshek-kurica-i-zlaki.html?offer=147240,1079,1079,Purina ONE®
166,155318,"Adult Large Breed Brillant-Hairball Сухой корм для кошек крупных пород, с курицей, 1,5 кг",https://4lapy.ru/catalog/koshki/korm-koshki/sukhoy/korm-suhoy-dlya-koshek-krupnyh-porod-s-kuricey-1-5-kg.html?offer=155319,1379,1379,UNICA
167,146230,"Сухой корм для взрослых кошек с говядиной и печенью, 400 г",https://4lapy.ru/catalog/koshki/korm-koshki/sukhoy/korm-suhoy-dlya-vzroslyh-koshek-s-govyadinoy-i-pechenyu1.html?offer=146232,1577,1577,AlphaPet
168,148052,"Veterinary Diets NF Renal Function Early care Сухой корм для поддержания функции почек при хронической почечной недостаточности у взрослых кошек (начальная стадия), 350 гр.",https://4lapy.ru/catalog/koshki/korm-koshki/dieticheskiy/veterinary-diets-nf-suhoy-korm-early-care-dlya-podderzhaniya-funkcii-pochek-na-nachalnoy-stadii-350g.html?offer=148054,4275,4275,PRO PLAN® Veterinary Diets
169,147241,"Sterilised Сухой корм для взрослых стерилизованных кошек и кастрированных котов, с лососем и пшеницей, 750 гр.",https://4lapy.ru/catalog/koshki/korm-koshki/sukhoy/korm-suhoy-dlya-sterilizovannyh-koshek-losos-i-pshenica.html?offer=147242,1079,1079,Purina ONE®
170,41886,"Original Adult Optisenses Сухой корм для поддержания здоровья органов чувств у взрослых кошек, с высоким содержанием лосося, 400 гр.",https://4lapy.ru/catalog/koshki/korm-koshki/sukhoy/Pro_Plan_Adult_suhoy_korm_dlya_koshekososris.html?offer=41887,545,545,PRO PLAN®
171,48532,"HP ST/OX Сухой диетический корм для кошек при хронической печеночной недостаточности, 1,5 кг",https://4lapy.ru/catalog/koshki/korm-koshki/dieticheskiy/Purina_Veterinary_Diets_HP_dieticheskiy_suhoy_korm_dlya_koshek_patologiya_pecheni_15_kg_1015901.html?offer=48533,4249,4249,PRO PLAN® Veterinary Diets
172,166406,"Abult Monoprotein Сухой корм для взрослых кошек, с белой рыбой, 1,5 кг",https://4lapy.ru/catalog/koshki/korm-koshki/sukhoy/korm-suhoy-dlya-koshek-s-beloy-ryboy-1-5kg.html?offer=166407,1779,1779,AlphaPet
173,164154,"Care Sterilised Сухой корм для стерилизованных кошек, с индейкой, 400 гр.",https://4lapy.ru/catalog/koshki/korm-koshki/sukhoy/korm-suhoy-dlya-sterilizovannyh-koshek-s-indeykoy-400g.html?offer=164060,1939,1939,Brit
174,112316,"Sterilised сухой корм для котят для стерилизованных с лососем, 400 г",https://4lapy.ru/catalog/koshki/korm-koshki/sukhoy/pro-plan-sterilised-kitten-salmon-8x400g.html?offer=112319,3699,3699,PRO PLAN®
175,147237,"Housecat сухой корм для взрослых кошек при домашнем образе жизни с индейкой и цельными злаками, 1,5 кг",https://4lapy.ru/catalog/koshki/korm-koshki/sukhoy/korm-suhoy-dlya-domashnih-koshek-indeyka-i-zlaki.html?offer=147243,1999,1999,Purina ONE®
176,169193,"Sterlised Сухой корм для стерилизованных кошек с индейкой и свеклой, 400гр",https://4lapy.ru/catalog/koshki/korm-koshki/sukhoy/korm-suhoy-dlya-sterilizovannyh-koshek-s-indeykoy-i-svekloy-pak-0-4kg.html?offer=169206,6688,6688,BOWL WOW
177,164172,"Cat Sterilised Grain Free Сухой беззерновой корм для стерилизованных кошек, лосось и чечевица, 1,5 кг",https://4lapy.ru/catalog/koshki/korm-koshki/sukhoy/cat-sterilised-grain-free-sukhoy-bezzernovoy-korm-dlya-sterilizovannykh-koshek-losos-i-chechevitsa-1-5-kg.html?offer=164173,2490,2490,Guabi Natural
178,147246,"Kitten сухой корм для котят с курицей и цельными злаками, 750 г",https://4lapy.ru/catalog/koshki/tovary-dlya-kotyat/korm-zaveli-kotenka/korm-suhoy-dlya-kotyat-kurica-i-zlaki.html?offer=147247,569,569,Purina ONE®
179,93833,"Delicate Senior 7+ сухой корм для взрослых кошек старше 7 лет с чувствительным пищеварением или особыми предпочтениями в еде с высоким содержанием индейки, 400 г",https://4lapy.ru/catalog/koshki/korm-koshki/sukhoy/proplan-suh-1-5kg-dlya-koshek-dlya-chuvstvitelnogo-pishchevareniya-7-sindeykoy.html?offer=93835,3859,3859,PRO PLAN®
180,31174,"Science Plan Сухой корм для взрослых кошек для поддержания жизненной энергии и иммунитета, с курицей, 300 гр.",https://4lapy.ru/catalog/koshki/korm-koshki/sukhoy/Hills_Standard_suhoy_korm_dlya_koshek_kuritsa.html?offer=104587,2220,2220,Hills
181,105701,"Skin & Coat сухой корм для стерилизованных кошек с чувствительной кожей и шерстью, 400 г",https://4lapy.ru/catalog/koshki/korm-koshki/dieticheskiy/korm-suhoy-dlya-koshek-skin-end-koat.html?offer=105703,2425,2425,Royal Canin
182,169863,"Satiety Weight Management Корм сухой для снижения веса у кошек, 400 гр.",https://4lapy.ru/catalog/koshki/korm-koshki/dieticheskiy/korm-suhoy-dlya-koshek-setaeti-veyt-menedzhment-0-4-kg.html?offer=169866,2959,2959,Royal Canin
183,164143,"Care Sterilised Сухой корм для стерилизованных кошек, с индейкой и уткой, 400 гр.",https://4lapy.ru/catalog/koshki/korm-koshki/sukhoy/korm-suhoy-dlya-sterilizovannyh-koshek-s-indeykoy-i-utkoy-1-5kg.html?offer=164050,1939,1939,Brit
184,159178,"Science Plan Culinary Creations Сухой корм для взрослых кошек для поддержания жизненной энергии и иммунитета, с лососем и морковью, 1,5 кг",https://4lapy.ru/catalog/koshki/korm-koshki/korm-suhoy-dlya-koshek-s-lososem-i-morkovyu-pak-1-5kg.html?offer=159179,2705,2705,Hills
185,170891,"Delicate Degistion Сухой корм для кошек с чувствительным пищеварением, с индейкой и рисом, 600 гр.",https://4lapy.ru/catalog/koshki/korm-koshki/sukhoy/korm-suhoy-dlya-koshek-s-chuvstvitelnym-pishchevareniem-s-indeykoy-i-risom-400-200-g.html?offer=170892,583,583,PRO PLAN®
186,159395,"Natural Cat Сухой корм для стерилизованных кошек с цыпленком и коричневым рисом, 1,5 кг",https://4lapy.ru/catalog/koshki/korm-koshki/sukhoy/suhoy-korm-dlya-sterilizovannyh-koshek-cyplenok-i-korichnevyy-ris-pak-1-5kg.html?offer=159396,1975,1975,Guabi Natural
187,45657,"Sterilised Weight Control Adult Сухой корм для стерилизованных кошек и кошек с избыточным весом старше 1 года, с курицей, 400 гр.",https://4lapy.ru/catalog/koshki/korm-koshki/sukhoy/Eukanuba_Adultight_suhoy_korm_dlya_vzroslyh_sterilizovannyh_koshek_i_koshek_s_izbytochnym_vesom.html?offer=45658,465,465,Eukanuba
188,43251,"Siberian Adult корм для взрослых сибирских кошек старше 12 месяцев, 400 г",https://4lapy.ru/catalog/koshki/korm-koshki/sukhoy/Korm_suhoy_Royal_Kanin_dlya_koshek_Sibirskaya_koshka.html?offer=31132,2859,2859,Royal Canin
189,84507,"Kitten Sterilised корм сухой для котят от 6-12 месяцев, 400 г",https://4lapy.ru/catalog/koshki/korm-koshki/sukhoy/korm-suhoy-dlya-kotyat-royal-kanin-sterilayzd-pak-400-g.html?offer=84509,2375,2375,Royal Canin
190,159397,"Natural Cat Сухой корм для стерилизованных кошек с лососем и ячменем, 1,5 кг",https://4lapy.ru/catalog/koshki/korm-koshki/sukhoy/suhoy-korm-dlya-sterilizovannyh-koshek-losos-i-yachmen-pak-1-5kg.html?offer=159398,1975,1975,Guabi Natural
191,170021,"Сухой корм для стерилизованных кошек, c кроликом, 10 кг",https://4lapy.ru/catalog/koshki/korm-koshki/sukhoy/korm-suhoy-dlya-sterilizovannyh-koshek-c-krolikom-10kg.html?offer=170022,6230,8899,Мираторг
192,169203,"Adult Cухой корм для взрослых кошек с индейкой и яблоком, 1,5 кг",https://4lapy.ru/catalog/koshki/korm-koshki/sukhoy/korm-suhoy-dlya-vzroslyh-koshek-s-indeykoy-i-yablokom-pak-1-5kg.html?offer=169204,1485,1485,BOWL WOW
193,41944,"Indoor Home Life Сухой корм для пожилых домашних кошек старше 7 лет, 400 гр.",https://4lapy.ru/catalog/koshki/korm-koshki/sukhoy/Royal_Canin_Indoor_Mature_27_korm_dlya_domashnih_koshek_starshe_7let.html?offer=41945,1620,1905,Royal Canin
194,66449,"Adult Top Condition корм для кошек старше 1 года, с курицей, 400 г",https://4lapy.ru/catalog/koshki/korm-koshki/sukhoy/Eukanuba_Adult_suhoy_korm_dlya_vzroslyh_koshek_kuritsapechen.html?offer=47007,465,465,Eukanuba
195,145534,Корм сухой для стерилизованных кошек с кроликом 300 гр,https://4lapy.ru/catalog/koshki/korm-koshki/sukhoy/korm-suhoy-dlya-sterilizovannyh-koshek-s-krolikom1.html?offer=145545,872,1089,Grand Prix
196,145536,"Корм сухой для кошек вывод шерсти с индейкой, 300 гр",https://4lapy.ru/catalog/koshki/korm-koshki/sukhoy/korm-suhoy-dlya-koshek-vyvod-shersti-s-indeykoy.html?offer=145547,854,1067,Grand Prix
197,157366,"Sterilised Optirenal Сухой корм для взрослых стерилизованных кошек и кастрированных котов, с высоким содержанием индейки, 7 кг",https://4lapy.ru/catalog/koshki/korm-koshki/sukhoy/korm-suhoy-dlya-sterilizovannyh-koshek-s-indeykoy-mesh-7kg.html?offer=157367,7539,7539,PRO PLAN®
198,170011,"Сухой корм для кошек, со вкусом курицы, 650 гр.",https://4lapy.ru/catalog/koshki/korm-koshki/sukhoy/suhoy-korm-dlya-koshek-kurica-650g.html?offer=170012,361,515,NATURE`S TABLE
199,117268,"Light Weight Care корм сухой для кошек, склонных к набору лишнего веса, 1,5 кг",https://4lapy.ru/catalog/koshki/korm-koshki/sukhoy/korm-suhoy-dlya-koshek-layt-veyt-kea.html?offer=117271,10869,10869,Royal Canin
200,145530,"Корм сухой для котят с лососем, 300 гр",https://4lapy.ru/catalog/koshki/tovary-dlya-kotyat/korm-zaveli-kotenka/korm-suhoy-dlya-kotyat-s-lososem.html?offer=145541,784,979,Grand Prix
201,145532,"Super Premium Сбалансированный сухой корм для кошек всех пород, с лососем, 300 гр.",https://4lapy.ru/catalog/koshki/korm-koshki/sukhoy/korm-suhoy-dlya-koshek-s-lososem.html?offer=145543,764,955,Grand Prix
202,169195,"Sensitive Сухой корм для кошек с чувствительным пищеварением с индейкой и тыквой, 400 гр.",https://4lapy.ru/catalog/koshki/korm-koshki/sukhoy/korm-suhoy-dlya-koshek-s-chuvstvitelnym-pishchevareniem-s-indeykoy-i-tykvoy-pak-0-4kg.html?offer=169202,1514,1514,BOWL WOW
203,41958,"Persian Adult Сухой корм для взрослых кошек персидской породы, 400 гр.",https://4lapy.ru/catalog/koshki/korm-koshki/sukhoy/Royal_Canin_Persian_korm_suhoy_dlya_persidskih_koshek.html?offer=41930,2859,2859,Royal Canin
204,145538,"Корм сухой для кошек с чувствительным пищеварением с индейкой, 300 гр",https://4lapy.ru/catalog/koshki/korm-koshki/sukhoy/korm-suhoy-dlya-koshek-s-chuvstvitelnym-pishchevareniem-s-indeykoy.html?offer=145549,880,1099,Grand Prix
205,169656,"Adult Cat Food Сухой корм для кошек, с лососем, 0,3 кг",https://4lapy.ru/catalog/koshki/korm-koshki/sukhoy/suhoy-korm-dlya-koshek-s-lososem-1kg.html?offer=169657,1689,1689,KLICKER
206,96179,"Sphynx kitten корм сухой для котят породы сфинкс младше 12 месяцев, 400г",https://4lapy.ru/catalog/koshki/korm-koshki/sukhoy/korm-suhoy-dlya-kotyat-sfinks.html?offer=97750,2815,2815,Royal Canin
207,41907,"Indoor Long Hair Home Life Сухой корм для длинношерстных кошек в возрасте от 1 до 7 лет, 400 гр.",https://4lapy.ru/catalog/koshki/korm-koshki/sukhoy/Royal_Canin_Indoorong_Hair_korm_suhoy_dlya_domashnih_dlinnosherstnyh_koshek.html?offer=31133,2517,2517,Royal Canin
208,169652,"Steriliset Cat Food Сухой корм для стерилизованных кошек, с курицей, 0,3 кг",https://4lapy.ru/catalog/koshki/korm-koshki/sukhoy/suhoy-korm-dlya-sterilizovannyh-koshek-s-kuricey-1kg.html?offer=169653,2199,2199,KLICKER
209,159389,"Natural Kitten Сухой корм для котят с цыпленком и коричневым рисом, 1,5 кг",https://4lapy.ru/catalog/koshki/tovary-dlya-kotyat/korm-zaveli-kotenka/suhoy-korm-dlya-kotyat-cyplenok-i-korichnevyy-ris-pak-1-5kg.html?offer=159390,1975,1975,Guabi Natural
210,157362,"Корм сухой для взрослых кошек, с индейкой и цельными злаками, 9,75 кг",https://4lapy.ru/catalog/koshki/korm-koshki/sukhoy/korm-suhoy-dlya-vzroslyh-koshek-s-indeykoy-i-celnymi-zlakami-mesh-9-75kg.html?offer=157363,6187,6187,Purina ONE®
211,86898,"Protein Exigent корм для кошек, привередливых к составу продукта, 400 г",https://4lapy.ru/catalog/koshki/korm-koshki/sukhoy/korm-suhoy-royal-kanin-dlya-koshek-protein-ekzidzhent-pak-400-g.html?offer=86899,472,555,Royal Canin
212,164153,"Care Sensitive Сухой корм для кошек, с индейкой и ягненком, 400 гр.",https://4lapy.ru/catalog/koshki/korm-koshki/sukhoy/korm-suhoy-dlya-vzroslyh-koshek-s-indeykoy-i-yagnenkom-400g.html?offer=164058,1939,1939,Brit
213,164150,"Care Kitten Сухой корм для котят, беременных и кормящих кошек, с индейкой, 400 гр.",https://4lapy.ru/catalog/koshki/tovary-dlya-kotyat/korm-zaveli-kotenka/korm-suhoy-dlya-kotyat-beremennyh-i-kormyashchih-koshek-s-indeykoy-400g.html?offer=164052,1859,1859,Brit
214,166052,"Human Grade Holistic Сухой корм для взрослых кошек, индейка с клюквой, 300 гр.",https://4lapy.ru/catalog/koshki/korm-koshki/sukhoy/holistic-grain-free-korm-dlya-vzroslyh-koshek-s-indeykoy-300g.html?offer=166053,252,315,Grand Prix
215,170013,"Сухой корм для кошек, со вкусом индейки, 650 гр.",https://4lapy.ru/catalog/koshki/korm-koshki/sukhoy/suhoy-korm-dlya-koshek-indeyka-650g.html?offer=170014,361,515,NATURE`S TABLE
216,146224,"WOW Сухой корм для взрослых кошек с уткой, 350 г",https://4lapy.ru/catalog/koshki/korm-koshki/sukhoy/korm-suhoy-dlya-vzroslyh-koshek-s-utkoy.html?offer=146226,865,865,AlphaPet
217,166402,"Abult Monoprotein Сухой корм для взрослых кошек, с белой рыбой, 400 гр.",https://4lapy.ru/catalog/koshki/korm-koshki/sukhoy/korm-suhoy-dlya-koshek-s-beloy-ryboy-400g.html?offer=166403,517,517,AlphaPet
218,139536,"Premium Cat Duck&Chicken сухой корм для стерилизованных кошек с уткой и курицей, 400г",https://4lapy.ru/catalog/koshki/korm-koshki/sukhoy/premium-cat-duck-chicken-suhoy-korm-dlya-sterilizovannyh-koshek-s-utkoyi-kuricey-400g.html?offer=139540,4439,4439,Brit
219,170019,"Сухой корм для стерилизованных кошек, с индейкой, 10 кг",https://4lapy.ru/catalog/koshki/korm-koshki/sukhoy/korm-suhoy-dlya-sterilizovannyh-koshek-s-indeykoy-10kg.html?offer=170020,6230,8899,Мираторг
220,170333,"Holistic Сухой корм беззерновой для кошек, индейка и утка, 400 гр.",https://4lapy.ru/catalog/koshki/korm-koshki/kholistik/suhoy-korm-dlya-koshek-bezzernovoy-indeyka-i-utka.html?offer=170334,1379,1379,MEAT GARDEN
221,170337,"Holistic Сухой корм для стерилизованных кошек при профилактике мочекаменной болезни, утка, клюква и брусника, 400 гр.",https://4lapy.ru/catalog/koshki/korm-koshki/kholistik/suhoy-korm-dlya-sterilizovannyh-koshek-utka-klyukva-i-brusnika-mkb.html?offer=170340,399,399,MEAT GARDEN
222,168839,"Adult Sterilized Сухой корм для стерилизованных кошек, с белым мясом птицы, 900 гр.",https://4lapy.ru/catalog/koshki/korm-koshki/sukhoy/korm-suhoy-dlya-sterilizovannyh-koshek-s-belym-myasom-ptitcy-14kg.html?offer=168840,6625,6625,Chat&Chat
223,170345,"Holistic Сухой корм для стерилизованных кошек с чувствительным пищеварением, индейка, 400 гр.",https://4lapy.ru/catalog/koshki/korm-koshki/kholistik/suhoy-korm-dlya-sterilizovannyh-koshek-s-chuvstvitelnym-pishchevareniem-indeyka.html?offer=170346,1292,1292,MEAT GARDEN
224,164155,"Care Sterilised Сухой корм для стерилизованных кошек, с морской рыбой и индейкой, 400 гр.",https://4lapy.ru/catalog/koshki/korm-koshki/sukhoy/korm-suhoy-dlya-sterilizovannyh-koshek-s-morskoy-ryboy-i-indeykoy-400g.html?offer=164063,1939,1939,Brit
225,169198,"Kitten Сухой корм для котят с курицей и черникой, 400 гр.",https://4lapy.ru/catalog/koshki/tovary-dlya-kotyat/korm-zaveli-kotenka/korm-suhoy-dlya-kotyat-s-kuricey-i-chernikoy-pak-0-4kg.html?offer=169205,1485,1485,BOWL WOW
226,157364,"Sterilised Сухой корм для взрослых стерилизованных кошек и кастрированных котов, с лососем и пшеницей, 9,75 кг",https://4lapy.ru/catalog/koshki/korm-koshki/sukhoy/korm-suhoy-dlya-vzroslyh-koshek-s-lososem-i-celnymi-zlakami-mesh-9-75kg.html?offer=157365,6187,6187,Purina ONE®
227,66444,"Siamese Adult Сухой корм для взрослых сиамских кошек, 400 гр.",https://4lapy.ru/catalog/koshki/korm-koshki/sukhoy/Royal_Canin_Siamese_Adult_38_suhoy_korm_dlya_koshek.html?offer=41923,2859,2859,Royal Canin
228,135819,"Корм сухой для котят с цыпленком и рисом, 300 г",https://4lapy.ru/catalog/koshki/tovary-dlya-kotyat/korm-zaveli-kotenka/korm-suhoy-dlya-kotyat-s-cyplenkom-i-risom.html?offer=135828,689,689,UnoCat
229,170023,"Сухой корм для домашних кошек, с телятиной, 1,5 кг",https://4lapy.ru/catalog/koshki/korm-koshki/sukhoy/korm-suhoy-dlya-domashnih-koshek-s-telyatinoy-1-5kg.html?offer=170024,1211,1729,Мираторг
230,111437,"Kitten корм для здорового роста котят в возрасте от 1 до 12 месяцев, беременных и кормящих кошек, с курицей, 10кг",https://4lapy.ru/catalog/koshki/korm-koshki/sukhoy/korm-dlya-kotyat-s-kuricey.html?offer=111438,9379,9379,Monge
231,169200,"Adult Cухой корм для взрослых кошек с индейкой и яблоком, 400 гр.",https://4lapy.ru/catalog/koshki/korm-koshki/sukhoy/korm-suhoy-dlya-vzroslyh-koshek-s-indeykoy-i-yablokom-pak-0-4kg.html?offer=169201,408,408,BOWL WOW
232,124448,"Appetite Control Care корм сухой для кошек для контроля аппетита, 400 г",https://4lapy.ru/catalog/koshki/korm-koshki/sukhoy/korm-suhoy-dlya-koshek-appetayt-kontrol-kea.html?offer=124450,3115,3115,Royal Canin
233,104616,"Science Plan Сухой корм для взрослых кошек для поддержания жизненной энергии и иммунитета, с ягненком, 3 кг",https://4lapy.ru/catalog/koshki/korm-koshki/sukhoy/suhoy-korm-hills-science-plan-dlya-vzroslyh-koshek-dlya-podderzhaniya-zhiznennoy-energii-i-immuniteta-s-yagnenkom-3-kg.html?offer=104617,4869,4869,Hills
234,164156,"Care Anti-hairball Сухой корм для кошек, с белой рыбой и индейкой, 400 гр.",https://4lapy.ru/catalog/koshki/korm-koshki/sukhoy/korm-suhoy-dlya-vzroslyh-koshek-s-beloy-ryboy-i-indeykoy-400g.html?offer=164064,529,529,Brit
235,131681,"Nature Elements сухой корм для взрослых кошек с лососем, 200 г",https://4lapy.ru/catalog/koshki/korm-koshki/sukhoy/pro-plan-natel-kosh-kozhisherst-los-10x200g.html?offer=131683,1935,1935,PRO PLAN®
236,140889,"Pro Meat Корм сухой для стерилизованных кошек c кроликом 0,4кг",https://4lapy.ru/catalog/koshki/korm-koshki/sukhoy/korm-suhoy-dlya-sterilizovannyh-koshek-s-krolikom.html?offer=140890,364,519,Мираторг
237,45659,"Kitten Healthy Start Сухой корм для котят от 1 до 12 месяцев, с курицей, 400 гр.",https://4lapy.ru/catalog/koshki/korm-koshki/sukhoy/Eukanuba_Kitten_Complete_suhoy_korm_dlya_kotyat_kuritsapechen.html?offer=45660,465,465,Eukanuba
238,170025,"Сухой корм для котят, с куриной грудкой, 1,5 кг",https://4lapy.ru/catalog/koshki/tovary-dlya-kotyat/korm-zaveli-kotenka/korm-suhoy-dlya-kotyat-s-kurinoy-grudkoy-1-5kg.html?offer=170026,1190,1699,Мираторг
239,164151,"Care Adult Сухой корм для привередливых кошек, с индейкой и уткой, 400 гр.",https://4lapy.ru/catalog/koshki/korm-koshki/sukhoy/korm-suhoy-dlya-vzroslyh-priveredlivyh-koshek-s-indeykoy-i-utkoy-400g.html?offer=164054,1939,1939,Brit
240,66359,"Persian Kitten Сухой корм для котят персидской породы в возрасте до 12 месяцев, 400 гр.",https://4lapy.ru/catalog/koshki/korm-koshki/sukhoy/Korm_suhoy_Royal_Kanin_dlya_kotyat_Kitten_Persian_32_persidskaya.html?offer=31126,615,615,Royal Canin
241,157360,"Adult Сухой корм для взрослых кошек, с курицей и цельными злаками, 9,75 кг",https://4lapy.ru/catalog/koshki/korm-koshki/sukhoy/korm-suhoy-dlya-vzroslyh-koshek-s-kuricey-i-celnymi-zlakami-mesh-9-75kg.html?offer=157361,6187,6187,Purina ONE®
242,168852,"Adult Сухой корм для кошек, с тунцом, 900 гр.",https://4lapy.ru/catalog/koshki/korm-koshki/sukhoy/korm-suhoy-dlya-koshek-s-tuncom-2kg.html?offer=168854,489,575,Chat&Chat
243,168849,"Adult Сухой корм для кошек, с курицей и горохом, 900 гр.",https://4lapy.ru/catalog/koshki/korm-koshki/sukhoy/korm-suhoy-dlya-koshek-s-kuricey-i-gorohom-2kg.html?offer=168850,784,1045,Chat&Chat
244,79965,"Light Weight Care корм для взрослых кошек в целях профилактики избыточного веса, 3,5 кг",https://4lapy.ru/catalog/koshki/korm-koshki/sukhoy/korm-suhoy-dlya-koshek-royal-kanin-layt-veyt-kea-dlya-profilaktiki-izbytochno.html?offer=79966,685,685,Royal Canin
245,169654,"Kitten Cat Food Сухой корм для котят, с курицей, 0,3 кг",https://4lapy.ru/catalog/koshki/tovary-dlya-kotyat/korm-zaveli-kotenka/suhoy-korm-dlya-kotyat-s-kuricey-1kg.html?offer=169661,578,679,KLICKER
246,168846,"Kitten Сухой корм для котят, с курицей, 900 гр.",https://4lapy.ru/catalog/koshki/tovary-dlya-kotyat/korm-zaveli-kotenka/korm-suhoy-dlya-kotyat-s-kuricey-2kg.html?offer=168847,919,1225,Chat&Chat
247,169650,"Adult Cat Food Сухой корм для кошек, с ягненком, 0,3 кг",https://4lapy.ru/catalog/koshki/korm-koshki/sukhoy/suhoy-korm-dlya-koshek-s-yagnenkom-1kg.html?offer=169659,552,649,KLICKER
248,164152,"Care Indoor Сухой корм для кошек, с индейкой и лососем, 400 гр.",https://4lapy.ru/catalog/koshki/korm-koshki/sukhoy/korm-suhoy-dlya-vzroslyh-koshek-s-indeykoy-i-lososem-400g.html?offer=164056,1939,1939,Brit
249,135831,"Корм сухой для взрослых домашних кошек с тунцом, лососем и рисом, 300 г",https://4lapy.ru/catalog/koshki/korm-koshki/sukhoy/korm-suhoy-dlya-vzroslyh-domashnih-koshek-s-tuncom-lososem-i-risom.html?offer=135838,279,279,UnoCat
250,135931,"Science Plan Perfect Digestion Сухой корм для кошек для поддержания здоровья пищеварения и питания микробиома, с курицей и коричневым рисом, 1.5 кг",https://4lapy.ru/catalog/koshki/korm-koshki/sukhoy/sp-korm-d-kosh-ideal-pishchevarenie-1-5kg.html?offer=135932,3499,3499,Hills
251,168843,"Adult Сухой корм для кошек, с говядиной и горохом, 900 гр.",https://4lapy.ru/catalog/koshki/korm-koshki/sukhoy/korm-suhoy-dlya-koshek-s-govyadinoy-i-gorohom-2kg.html?offer=168845,489,575,Chat&Chat
252,135821,"Корм сухой для взрослых стерилизованных кошек с цыпленком, лососем и рисом, 300 г",https://4lapy.ru/catalog/koshki/korm-koshki/sukhoy/korm-suhoy-dlya-vzroslyh-sterilizovannyh-koshek-s-cyplenkom-lososem-i-risom.html?offer=135822,289,289,UnoCat
253,84514,"Indoor Appetite Control корм сухой для кошек для домашних кошек, склонных к набору веса, 400 г",https://4lapy.ru/catalog/koshki/korm-koshki/sukhoy/korm-suhoy-dlya-koshek-royal-kanin-indor-apetayt-kontrol-pak-400-g.html?offer=84516,2517,2517,Royal Canin
254,31158,"Science Plan Сухой корм для котят для здорового роста и развития, с тунцом, 300 гр.",https://4lapy.ru/catalog/koshki/korm-koshki/sukhoy/Hills_suhoy_korm_dlya_kotyat_i_beremennyh_koshek_tunets.html?offer=104603,529,529,Hills
255,135817,"Корм сухой для кошек старше 7 лет с цыпленком, 300 г",https://4lapy.ru/catalog/koshki/korm-koshki/sukhoy/korm-suhoy-dlya-koshek-starshe-7-let-s-cyplenkom.html?offer=135818,279,279,UnoCat
256,159393,"Natural Cat Сухой корм для стерилизованных кошек с цыпленком и коричневым рисом, 500 г",https://4lapy.ru/catalog/koshki/korm-koshki/sukhoy/suhoy-korm-dlya-sterilizovannyh-koshek-cyplenok-i-korichnevyy-ris-pak-500g.html?offer=159394,835,835,Guabi Natural
257,170027,"Сухой корм для беременных кошек и котят до 4 месяцев, с куриной грудкой, 10 кг",https://4lapy.ru/catalog/koshki/tovary-dlya-kotyat/korm-zaveli-kotenka/korm-suhoy-dlya-beremennyh-koshek-i-kotyat-do-4-mes-s-kurinoy-grudkoy-10kg.html?offer=170028,5950,8499,Мираторг
258,163724,"Сухой корм для кошек для поддержания здоровья почек, с лососем, 2,5 кг",https://4lapy.ru/catalog/koshki/korm-koshki/sukhoy/korm-suhoy-dlya-koshek-zdorove-pochek-s-lososem-2-5kg.html?offer=163725,985,1407,Perfect Fit
259,158584,"Immunity Корм сухой для кошек, говядина, семена льна и голубика, 5,5 кг",https://4lapy.ru/catalog/koshki/korm-koshki/sukhoy/immuniti-korm-sukhoy-dlya-koshek-govyadina-semena-lna-i-golubika-5-5kg.html?offer=158585,2258,3225,Perfect Fit
260,158582,"Immunity Корм сухой для кошек, индейка, спирулина и клюква, 580 гр.",https://4lapy.ru/catalog/koshki/korm-koshki/sukhoy/immuniti-korm-sukhoy-dlya-koshek-indeyka-spirulina-i-klyukva-580g.html?offer=158583,292,417,Perfect Fit
261,158578,"Immunity Корм сухой для кошек, говядина, семена льна и голубика, 580 гр.",https://4lapy.ru/catalog/koshki/korm-koshki/sukhoy/immuniti-korm-sukhoy-dlya-koshek-govyadina-semena-lna-i-golubika-1-1kg.html?offer=158579,515,735,Perfect Fit
262,146925,Двойная Вкуснятина для взрослых кошек с рыбой 200 г,https://4lapy.ru/catalog/koshki/korm-koshki/sukhoy/dvoynaya-vkusnyatina-dlya-vzroslyh-koshek-s-ryboy-200-g.html?offer=146926,115,135,Felix
263,146923,"Двойная Вкуснятина сухой корм для взрослых кошек для взрослых кошек с птицей, 200 г",https://4lapy.ru/catalog/koshki/korm-koshki/sukhoy/dvoynaya-vkusnyatina-dlya-vzroslyh-koshek-s-pticey-200-g.html?offer=146924,115,135,Felix
264,146921,"Двойная Вкуснятина сухой корм для взрослых кошек для взрослых кошек с мясом, 200 г",https://4lapy.ru/catalog/koshki/korm-koshki/sukhoy/dvoynaya-vkusnyatina-dlya-vzroslyh-koshek-s-myasom-200-g.html?offer=146922,115,135,Felix
265,134558,"Мясное объедение сухой корм для взрослых кошек с говядиной, 600 г",https://4lapy.ru/catalog/koshki/korm-koshki/sukhoy/felix-600g-dlya-koshek-myasnoe-obedenie-govyadina.html?offer=134559,280,345,Felix
266,134555,"Мясное объедение сухой корм для взрослых кошек с курицей, 200 г",https://4lapy.ru/catalog/koshki/korm-koshki/sukhoy/felix-1-3kg-dlya-koshek-myasnoe-obedenie-kurica.html?offer=134556,612,719,Felix
267,115007,"Корм сухой для кошек для красоты шерсти и здоровья кожи с индейкой, 650г",https://4lapy.ru/catalog/koshki/korm-koshki/sukhoy/korm-suhoy-dlya-koshek-krasota-shersti-i-zdorove-kozhi-s-indeykoy.html?offer=115008,292,417,Perfect Fit
268,112321,"Двойная Вкуснятина сухой корм для котят до 1 года для котят до 1 года с курочкой, 600 г",https://4lapy.ru/catalog/koshki/tovary-dlya-kotyat/korm-zaveli-kotenka/felix-d-kotyat-dvoynvkus-kurochka-8x600g.html?offer=112322,280,345,Felix
269,66360,"Корм сухой для домашних кошек с курицей, 650 г",https://4lapy.ru/catalog/koshki/korm-koshki/sukhoy/Perfect_Fit_suhoy_korm_dlya_domashnih_koshek_kuritsa.html?offer=42968,292,417,Perfect Fit
270,43418,"Cухой корм для котят от 2 до 12 месяцев с курицей, 190 г",https://4lapy.ru/catalog/koshki/tovary-dlya-kotyat/korm-zaveli-kotenka/Perfect_Fit_Junior_suhoy_korm_dlya_kotyat_kuritsa.html?offer=41872,292,417,Perfect Fit
271,41874,"Корм сухой для кошек с чувствительным пищеварением с индейкой, 650 г",https://4lapy.ru/catalog/koshki/korm-koshki/sukhoy/Perfect_Fit_suhoy_korm_dlya_koshek_s_chuvstvitelnym_pishchevareniem_indeyka.html?offer=41875,292,417,Perfect Fit
272,41870,"Корм сухой для стерилизованных кошек с курицей, 650 г",https://4lapy.ru/catalog/koshki/korm-koshki/sukhoy/Perfect_Fit_suhoy_korm_dlya_kastrirovannyh_kotov_i_sterilizovannyh_koshek_kuritsa.html?offer=41873,292,417,Perfect Fit
273,31093,"Корм сухой для стерилизованных кошек с говядиной, 650 г",https://4lapy.ru/catalog/koshki/korm-koshki/sukhoy/Korm_suhoy_Perfekt_Fit_dlya_sterilizovannyh_kotov_i_koshek_s_govyadinoypak__650g_1020581.html?offer=31094,292,417,Perfect Fit
274,31089,"Корм сухой для стерилизованных кошек старше 7 лет с курицей, 650 г",https://4lapy.ru/catalog/koshki/korm-koshki/sukhoy/Korm_suhoy_Perfekt_Fit_dlya_koshek_starshe_7_let_s_kuritsey_pak__650g_1020578.html?offer=31090,292,417,Perfect Fit
275,167749,"Сухой корм для кошек с паштетом, курица и индейка, 1,9 кг (подушечки ассорти)",https://4lapy.ru/catalog/koshki/korm-koshki/sukhoy/korm-suhoy-dlya-koshek-assorti-podushechki-s-pashtetom-kurica-indeyka-1-9kg.html?offer=167750,819,819,Whiskas
276,163722,"Корм сухой для стерилизованных кошек, с лососем,10 кг",https://4lapy.ru/catalog/koshki/korm-koshki/sukhoy/korm-suhoy-dlya-sterilizovannyh-koshek-s-lososem-10kg.html?offer=163723,5435,5435,Perfect Fit
277,135529,"Корм сухой для кошек Курочка аппетитная, 800 г",https://4lapy.ru/catalog/koshki/korm-koshki/sukhoy/korm-suhoy-dlya-koshek-appetitnaya-kurochka.html?offer=135530,233,233,Kitekat
278,129578,"Корм сухой для кошек подушечки паштет говядина, 13,8 кг",https://4lapy.ru/catalog/koshki/korm-koshki/sukhoy/korm-suhoy-dlya-koshek-podushechki-pashtet-govyadina4.html?offer=129579,5167,5167,Whiskas
279,129576,"Корм сухой для кошек подушечки паштет курица и индейка, 13,8 кг",https://4lapy.ru/catalog/koshki/korm-koshki/sukhoy/korm-suhoy-dlya-koshek-podushechki-pashtet-kurica-i-indeyka.html?offer=129577,5167,5167,Whiskas
280,128786,"Корм сухой для кошек подушечки паштет говядина, 5 кг",https://4lapy.ru/catalog/koshki/korm-koshki/sukhoy/korm-suhoy-dlya-koshek-podushechki-pashtet-govyadina3.html?offer=128787,2125,2125,Whiskas
281,128780,"Корм сухой для кошек подушечки паштет говядина, 350 г",https://4lapy.ru/catalog/koshki/korm-koshki/sukhoy/korm-suhoy-dlya-koshek-podushechki-pashtet-govyadina.html?offer=128781,163,163,Whiskas
282,43420,"Корм сухой для стерилизованных кошек с курицей, 350 г",https://4lapy.ru/catalog/koshki/korm-koshki/sukhoy/Korm_Viskas_suhoy_dlya_sterilizovannyh_koshek_i_kastrirovannyhkotovkuritsa.html?offer=43421,2125,2125,Whiskas
283,41833,"Корм для взрослых кошек, телятинка аппетитная, 350 г",https://4lapy.ru/catalog/koshki/korm-koshki/sukhoy/Kitekat_suhoy_korm_dlya_koshek_Appetitnaya_telyatinka.html?offer=41834,107,107,Kitekat
284,41831,"Корм сухой для взрослых кошек, мясной пир, 350 г",https://4lapy.ru/catalog/koshki/korm-koshki/sukhoy/Kitekat_suhoy_korm_dlya_koshek_Myasnoy_pir.html?offer=41832,107,107,Kitekat
285,41825,"Корм для кошек старше 1 года, вкусные подушечки с нежным паштетом, аппетитное ассорти с курицей и индейкой, 350 г",https://4lapy.ru/catalog/koshki/korm-koshki/sukhoy/Whiskas_suhoy_korm_dlya_koshek_Vkusnye_podushechki_s_negnym_pashtetom_kuritsaindeyka.html?offer=41826,163,163,Whiskas
286,41821,"Корм для котят от 2 до 12 месяцев, вкусные подушечки с молоком, аппетитное ассорти с индейкой и морковью, 350 г",https://4lapy.ru/catalog/koshki/tovary-dlya-kotyat/korm-zaveli-kotenka/Whiskas_suhoy_korm_dlya_kotyat_assorti_indeykamorkov_i_podushechki_s_molokom.html?offer=41822,163,163,Whiskas
287,31169,"Science Plan Perfect Weight Сухой корм для взрослых кошек, склонных к избыточному весу, с курицей, 1,5 кг",https://4lapy.ru/catalog/koshki/korm-koshki/dieticheskiy/Korm_dlya_koshek_Hills_idelnyy_ves_s_kuritsey.html?offer=31170,3499,3499,Hills
288,31057,"Корм для стерилизованных кошек и котов старше 1 года, с говядиной и вкусными подушечками, 350 г",https://4lapy.ru/catalog/koshki/korm-koshki/sukhoy/Korm_dlya_koshek_Viskas__suhoy__dlya_sterilizovanyh_koshek_i_kastrirovannyhkotov_govyadina_up__350g_1016207.html?offer=31058,163,163,Whiskas
289,42599,"Prescription Diet l/d Сухой диетический корм для кошек при заболеваниях печени, с курицей, 1,5 кг",https://4lapy.ru/catalog/koshki/korm-koshki/dieticheskiy/Hills_LD_dieticheskiy_suhoy_korm_dlya_koshek_pri_zabolevaniyah_pecheni_1004602.html?offer=42600,4299,4299,Hills
290,46717,"Science Plan Сухой корм для взрослых стерилизованных кошек старше 7 лет, с курицей, 300 гр.",https://4lapy.ru/catalog/koshki/korm-koshki/sukhoy/Hills_suhoy_korm_dlya_kastrirovannyh_kotovsterilizovannyh_koshek_starshe_7et.html?offer=49344,579,579,Hills
291,42543,"HA St/Ox Hypoallergenic Сухой диетический корм при пищевой непереносимости для кошек, 325 гр.",https://4lapy.ru/catalog/koshki/korm-koshki/dieticheskiy/Purina_Veterinary_Diets_NA_dieticheskiy_suhoy_korm_dlya_koshek_dlya_profilaktiki_allergii.html?offer=42556,1125,1125,PRO PLAN® Veterinary Diets
292,46719,"Science Plan Сухой корм для взрослых стерилизованных кошек и кастрированных котов, с курицей, 300 гр.",https://4lapy.ru/catalog/koshki/korm-koshki/sukhoy/Hills_suhoy_korm_dlya_kastrirovannyh_kotov_6_mes_6et.html?offer=46728,569,569,Hills
293,170341,"Holistic Сухой корм гипоаллергенный для стерилизованных кошек, индейка и рис, 400 гр.",https://4lapy.ru/catalog/koshki/korm-koshki/kholistik/suhoy-korm-dlya-sterilizovannyh-koshek-indeyka-i-ris-gipoallergenik.html?offer=170344,399,399,MEAT GARDEN
294,108461,"Sterilised Сухой корм для взрослых стерилизованных кошек и кастрированных котов, с треской и форелью, 400 гр.",https://4lapy.ru/catalog/koshki/korm-koshki/sukhoy/proplan-cat-d-ster-treska-forel-400g.html?offer=108462,629,629,PRO PLAN®
295,159391,"Natural Cat Сухой корм для взрослых кошек с цыпленком и коричневым рисом, 1,5 кг",https://4lapy.ru/catalog/koshki/korm-koshki/sukhoy/suhoy-korm-dlya-vzroslyh-koshek-cyplenok-i-korichnevyy-ris-pak-1-5kg.html?offer=159392,1975,1975,Guabi Natural
296,80053,"Science Plan Сухой корм для взрослых кошек для поддержания жизненной энергии и иммунитета, с курицей, 3 кг",https://4lapy.ru/catalog/koshki/korm-koshki/sukhoy/hills-dlya-koshek-kurica-mesh-5kg.html?offer=104623,4869,4869,Hills
297,135823,"Корм сухой для взрослых привередливых кошек с ягненком, 300 г",https://4lapy.ru/catalog/koshki/korm-koshki/sukhoy/korm-suhoy-dlya-vzroslyh-priveredlivyh-koshek-s-yagnenkom.html?offer=135824,279,279,UnoCat
298,71662,"Kitten Корм сухой для котят в возрасте до 12 месяцев, беременных и кормящих кошек, с курицей, 400 гр.",https://4lapy.ru/catalog/koshki/korm-koshki/sukhoy/grandin-dlya-kotyat-s-kuricey-pak-400g.html?offer=71663,599,599,Grandin
